Course Code,Institution,INSTITUTION,EOS,Mid
AL801,Athlone Institute of Technology,Software Design with Virtual Reality and Gaming,304,328
AL802,Athlone Institute of Technology,Software Design with Cloud Computing,301,306
AL803,Athlone Institute of Technology,Software Design with Mobile Apps and Connected Devices,309,337
AL805,Athlone Institute of Technology,Network Management and Cloud Infrastructure,329,442
AL810,Athlone Institute of Technology,Quantity Surveying,307,349
AL820,Athlone Institute of Technology,Mechanical and Polymer Engineering,300,358
AL830,Athlone Institute of Technology,General Nursing,410,429
AL832,Athlone Institute of Technology,Psychiatric Nursing,387,403
AL836,Athlone Institute of Technology,Nutrition and Health Science,352,383
AL837,Athlone Institute of Technology,Sports Science with Exercise Physiology,351,392
AL838,Athlone Institute of Technology,Biotechnology,302,372
AL839,Athlone Institute of Technology,Microbiology,322,371
AL840,Athlone Institute of Technology,Pharmaceutical Sciences,328,411
AL841,Athlone Institute of Technology,Athletic and Rehabilitation Therapy,423,430
AL842,Athlone Institute of Technology,Bioveterinary Science,310,366
AL843,Athlone Institute of Technology,Physical Activity and Health Science,310,330
AL850,Athlone Institute of Technology,Business,307,356
AL851,Athlone Institute of Technology,Business and Law,301,341
AL852,Athlone Institute of Technology,Accounting (with optional placement),290,346
AL853,Athlone Institute of Technology,Accounting and Law,305,320
AL855,Athlone Institute of Technology,Hospitality Management (with International placement),312,357
AL857,Athlone Institute of Technology,Digital Marketing,300,360
AL860,Athlone Institute of Technology,Social Care Practice,309,338
AL861,Athlone Institute of Technology,Animation and Illustration (portfolio),#615,899
AL863,Athlone Institute of Technology,Graphic and Digital Design (portfolio),#703,898
AL864,Athlone Institute of Technology,Early Years Care and Education,307,348
AL870,Athlone Institute of Technology,Applied Psychology,409,445
CW018,"Institute of Technology, Carlow","Business (options, Wexford)",327,349
CW028,"Institute of Technology, Carlow",Early Childhood Education and Care (Wexford),252,308
CW038,"Institute of Technology, Carlow","Art (portfolio, Wexford)",#700,700
CW058,"Institute of Technology, Carlow",Tourism and Event Management (Wexford),252,262
CW068,"Institute of Technology, Carlow",Applied Social Studies - Professional Social Care (Wexford),251,280
CW078,"Institute of Technology, Carlow",Sustainable Farm Management and Agribusiness (Wexford),266,320
CW088,"Institute of Technology, Carlow",Visual Communications and Design (Wexford),309,345
CW108,"Institute of Technology, Carlow",Science (options),261,326
CW128,"Institute of Technology, Carlow",Brewing and Distilling,271,298
CW178,"Institute of Technology, Carlow",Sport Science (options),399,424
CW188,"Institute of Technology, Carlow",Sport Rehabilitation and Athletic Therapy,454,473
CW208,"Institute of Technology, Carlow",Computer Games Development,281,338
CW238,"Institute of Technology, Carlow",Software Development,300,343
CW248,"Institute of Technology, Carlow",Information Technology Management,307,357
CW258,"Institute of Technology, Carlow",Cybercrime and IT Security,300,328
CW268,"Institute of Technology, Carlow",Computing in Interactive Digital Art and Design,274,321
CW438,"Institute of Technology, Carlow",Construction (options),271,308
CW468,"Institute of Technology, Carlow",Architectural Technology,252,290
CW478,"Institute of Technology, Carlow",Civil Engineering,348,383
CW548,"Institute of Technology, Carlow",Mechanical Engineering,310,351
CW558,"Institute of Technology, Carlow",Electronic Systems,279,338
CW568,"Institute of Technology, Carlow",Aerospace Engineering,366,422
CW578,"Institute of Technology, Carlow",TV and Media Production,327,361
CW708,"Institute of Technology, Carlow",Law - LLB,298,328
CW728,"Institute of Technology, Carlow",Product Design Innovation,286,355
CW748,"Institute of Technology, Carlow",Early Childhood Education and Care,265,338
CW758,"Institute of Technology, Carlow",Applied Social Studies - Professional Social Care,290,319
CW808,"Institute of Technology, Carlow",Media and Public Relations,248,307
CW848,"Institute of Technology, Carlow",Digital Marketing with Analytics,279,307
CW858,"Institute of Technology, Carlow","Sports Management and Coaching (options, portfolio)",#700,700
CW908,"Institute of Technology, Carlow",Business (options),260,307
CW938,"Institute of Technology, Carlow",Business with Law,270,288
CW948,"Institute of Technology, Carlow",Accounting,301,408
PC405,"Carlow College, St. Patrick`s","Social, Political and Community Studies",251,296
PC410,"Carlow College, St. Patrick`s",Arts and Humanities (fulfils Teaching Council requirements),203,289
PC411,"Carlow College, St. Patrick`s",English and History (fulfils Teaching Council requirements),168,289
CR105,Cork Institute of Technology,Chemical and Biopharmaceutical Engineering,432,498
CR106,Cork Institute of Technology,Software Development,351,393
CR108,Cork Institute of Technology,Mechanical Engineering,425,487
CR109,Cork Institute of Technology,Structural Engineering,341,467
CR110,Cork Institute of Technology,Automotive Business Management and Technology,318,347
CR112,Cork Institute of Technology,Creative Digital Media,335,389
CR116,Cork Institute of Technology,Computer Systems,318,381
CR121,Cork Institute of Technology,Music at CIT Cork School of Music,#633,1052
CR125,Cork Institute of Technology,Popular Music: Electric Bass Guitar at CIT Cork School of Music,#972,1021
CR126,Cork Institute of Technology,Popular Music: Drums at CIT Cork School of Music,#878,1043
CR127,Cork Institute of Technology,Popular Music: Electric Guitar at CIT Cork School of Music,#584,761
CR128,Cork Institute of Technology,Popular Music: Keyboards at CIT Cork School of Music,#839,1009
CR129,Cork Institute of Technology,Popular Music: Voice at CIT Cork School of Music,#857,927
CR130,Cork Institute of Technology,Musical Theatre,#500,600
CR150,Cork Institute of Technology,Business Information Systems,326,371
CR210,Cork Institute of Technology,"Contemporary Applied Art (Ceramics, Glass, Textiles) at CIT Crawford",#979,979
CR220,Cork Institute of Technology,Fine Art at CIT Crawford College of Art and Design,#620,819
CR225,Cork Institute of Technology,Photography with New Media,#920,920
CR305,Cork Institute of Technology,Physical Sciences (Common Entry),279,309
CR310,Cork Institute of Technology,IT Management,282,317
CR320,Cork Institute of Technology,Biomedical Science (Offered jointly by CIT and UCC),546,556
CR325,Cork Institute of Technology,Pharmaceutical Biotechnology,388,422
CR333,Cork Institute of Technology,Nutrition and Health Science,360,393
CR335,Cork Institute of Technology,Biological Sciences (Common Entry),381,419
CR340,Cork Institute of Technology,Analytical Chemistry with Quality Assurance,288,315
CR360,Cork Institute of Technology,Instrument Engineering,291,329
CR365,Cork Institute of Technology,Environmental Science and Sustainable Technology,334,362
CR370,Cork Institute of Technology,Agri-Biosciences,408,431
CR400,Cork Institute of Technology,Accounting,316,389
CR420,Cork Institute of Technology,Marketing,288,329
CR425,Cork Institute of Technology,International Business with Language,300,392
CR500,Cork Institute of Technology,Engineering (Common Entry),381,424
CR510,Cork Institute of Technology,Sustainable Energy Engineering,319,343
CR520,Cork Institute of Technology,Biomedical Engineering,434,477
CR560,Cork Institute of Technology,Architectural Technology,288,332
CR565,Cork Institute of Technology,Interior Architecture,336,390
CR570,Cork Institute of Technology,Quantity Surveying,279,342
CR572,Cork Institute of Technology,Construction Management,253,300
CR580,Cork Institute of Technology,Electrical Engineering,344,374
CR590,Cork Institute of Technology,Electronic Engineering,342,411
CR600,Cork Institute of Technology,Visual Communications,#587,888
CR660,Cork Institute of Technology,Tourism Management,249,290
CR700,Cork Institute of Technology,Theatre and Drama Studies at CIT Cork School of Music,#768,906
CK101,University College Cork (NUI),Arts - 3 years,300,368
CK102,University College Cork (NUI),Social Science,391,431
CK104,University College Cork (NUI),Arts with Music - 3 or 4 years (BMus or Chinese/European/Int`l Pathway),#340,409
CK105,University College Cork (NUI),Film and Screen Media - 3 years or 4 years (International Pathway),397,442
CK107,University College Cork (NUI),Geographical and Archaeological Sciences - 3 or 4 years (Int`l Pathway),326,388
CK108,University College Cork (NUI),Arts International - 4 years,429,466
CK109,University College Cork (NUI),English - 3 years or 4 years (International Pathway),347,423
CK110,University College Cork (NUI),World Languages,456,506
CK111,University College Cork (NUI),Early Years and Childhood Studies,398,429
CK112,University College Cork (NUI),Theatre and Performative Practices - 3 or 4 years (Int`l Pathway),#324,470
CK113,University College Cork (NUI),Criminology - 3 years or 4 years (International Pathway),408,430
CK114,University College Cork (NUI),Social Science (Youth and Community Work) - 3 years,#,
CK115,University College Cork (NUI),Social Work - Mature Applicants only,#,
CK116,University College Cork (NUI),Sports Studies and Physical Education,499,520
CK118,University College Cork (NUI),Digital Humanities and IT - 3 or 4 years (Work Exper. or Int`l Pathway),307,361
CK120,University College Cork (NUI),Applied Psychology,506,532
CK121,University College Cork (NUI),Psychology and Computing - 3 or 4 years (Work Experience Pathway),393,466
CK122,University College Cork (NUI),Government and Political Science,355,410
CK201,University College Cork (NUI),Commerce,465*,489
CK202,University College Cork (NUI),Accounting,467,506
CK203,University College Cork (NUI),Business Information Systems,409,444
CK204,University College Cork (NUI),Finance,531,555
CK205,University College Cork (NUI),Commerce (International) with French,409,473
CK206,University College Cork (NUI),Commerce (International) with German,408,446
CK207,University College Cork (NUI),Commerce (International) with Italian,408,425
CK208,University College Cork (NUI),Commerce (International) with Hispanic Studies,431,455
CK209,University College Cork (NUI),Commerce (International) with Irish,509,528
CK211,University College Cork (NUI),Commerce (International) with Chinese Studies,398,420
CK212,University College Cork (NUI),Economics (Transformational Learning) - 3 or 4 years (Int`l Pathway),400,429
CK301,University College Cork (NUI),Law (Pathways) -  3 or 4 years,476,519
CK302,University College Cork (NUI),Law and French,453,531
CK304,University College Cork (NUI),Law and Irish,462,510
CK307,University College Cork (NUI),Law and Business,522,554
CK401,University College Cork (NUI),Computer Science,402,456
CK402,University College Cork (NUI),Biological and Chemical Sciences,498,520
CK404,University College Cork (NUI),"Biological, Earth and Environmental Sciences",412,451
CK405,University College Cork (NUI),Genetics,476,496
CK406,University College Cork (NUI),Chemical Sciences,457,488
CK407,University College Cork (NUI),Mathematical Sciences,531,578
CK408,University College Cork (NUI),Physics and Astrophysics,511,566
CK409,University College Cork (NUI),Industrial Physics (offered jointly by UCC and CIT),413,532
CK411,University College Cork (NUI),Data Science and Analytics,509,542
CK412,University College Cork (NUI),Agricultural Science,457,509
CK502,University College Cork (NUI),Food Marketing and Entrepreneurship,433,456
CK504,University College Cork (NUI),Nutritional Sciences,492,509
CK505,University College Cork (NUI),Food Science,444,477
CK506,University College Cork (NUI),International Development and Food Policy,367,410
CK600,University College Cork (NUI),Engineering,465,532
CK606,University College Cork (NUI),Architecture (offered jointly by UCC and CIT),465,496
CK701,University College Cork (NUI),Medicine (Undergraduate Entry - HPAT required),#729,740
CK702,University College Cork (NUI),Dentistry,590,613
CK703,University College Cork (NUI),Pharmacy,577,589
CK704,University College Cork (NUI),Occupational Therapy,532*,554
CK705,University College Cork (NUI),Speech and Language Therapy,509,529
CK706,University College Cork (NUI),Public Health Sciences,419,451
CK707,University College Cork (NUI),Medical and Health Sciences,510*,543
CK710,University College Cork (NUI),General Nursing,440,466
CK712,University College Cork (NUI),Children`s and General Nursing (Integrated),499,520
CK720,University College Cork (NUI),Mental Health Nursing,398,429
CK730,University College Cork (NUI),Intellectual Disability Nursing,359,388
CK740,University College Cork (NUI),Midwifery,444,474
CK791,University College Cork (NUI),Medicine  - Graduate Entry (GAMSAT required),#58*,59
AC120,American College,International Business,234,269
AC137,American College,Liberal Arts,252,275
CT125,CCT College Dublin,Information Technology,235,280
CM001,Marino Institute of Education,Education - Primary Teaching,452*,462
CM002,Marino Institute of Education,Education - Primary Teaching - Gaeltacht Applicants,#421,440
CM003,Marino Institute of Education,Oideachas - Bunmhúinteoireacht Trí Mheán na Gaeilge,#491,506
CM004,Marino Institute of Education,Oideachas - Bunmhúinteoireacht Trí Mheán na Gaeilge (daltaí Gaeltachta),#492,569
CM010,Marino Institute of Education,Education Studies,317,373
CM020,Marino Institute of Education,Early Childhood Education,336,363
DB500,Dublin Business School,Computing,242,320
DB501,Dublin Business School,Computing (Cloud Computing),326,329
DB502,Dublin Business School,Computing (Data Analytics and Big Data),269,269
DB503,Dublin Business School,Computing (Software Development),242,282
DB504,Dublin Business School,Computing (Web and Mobile Technology),227,269
DB510,Dublin Business School,Audio Production and Music Project Management,233,293
DB512,Dublin Business School,Business Studies,229,301
DB514,Dublin Business School,Business Studies (Law),269,337
DB515,Dublin Business School,Business Studies (Human Resource Management),225,288
DB516,Dublin Business School,Financial Services,328,336
DB517,Dublin Business School,Event Management,226,327
DB518,Dublin Business School,Marketing (Digital Media),210,289
DB521,Dublin Business School,Accounting and Finance,225,271
DB524,Dublin Business School,Business Information Systems,402,402
DB525,Dublin Business School,Marketing (Digital Media and Cloud Computing),284,309
DB526,Dublin Business School,Business Information Systems (Cloud Computing),253,288
DB527,Dublin Business School,Applied Social Care,235,288
DB531,Dublin Business School,Marketing,220,288
DB562,Dublin Business School,Psychology,208,310
DB566,Dublin Business School,Social Science,216,308
DB567,Dublin Business School,Film,192,295
DB568,Dublin Business School,Law,245,308
DB569,Dublin Business School,Business (Psychology),279,338
DC001,Dublin City University,Education - Early Childhood Education,398,424
DC002,Dublin City University,Education - Primary Teaching,462*,485
DC003,Dublin City University,Education - Primary Teaching - Gaeltacht Applicants,#433,473
DC004,Dublin City University,Education - Primary Teaching (Church of Ireland Centre formerly CICE),#357,
DC005,Dublin City University,Education - Primary Teaching - Irish Sign Language,#316,316
DC009,Dublin City University,Arts (Joint Honours) - Humanities,347,408
DC010,Dublin City University,Post Primary Teacher Education - Religious Education and English,386,413
DC011,Dublin City University,Post Primary Teacher Education - Religious Education and History,352,389
DC012,Dublin City University,Post Primary Teacher Education - Religious Education and Music,#367,415
DC013,Dublin City University,Post Primary Teacher Ed - Gaeilge with French/German/Spanish,410,509
DC014,Dublin City University,BA in Jazz and Contemporary Music Performance,#428,590
DC110,Dublin City University,Business Studies International,440,462
DC111,Dublin City University,Business Studies,463,479
DC112,Dublin City University,Global Business (France),495,510
DC113,Dublin City University,Global Business (Germany),440,476
DC114,Dublin City University,Global Business (Spain),501,543
DC115,Dublin City University,Accounting and Finance,487,500
DC116,Dublin City University,Global Business (USA),578,589
DC117,Dublin City University,Aviation Management / Aviation Management with Pilot Studies,463,487
DC118,Dublin City University,Gnó agus Gaeilge / Business and Irish,357,399
DC119,Dublin City University,Global Business (Canada),566,577
DC120,Dublin City University,Enterprise Computing,350,389
DC121,Dublin City University,Computer Applications,370,418
DC123,Dublin City University,Data Science,467,511
DC126,Dublin City University,Actuarial Mathematics,520,543
DC127,Dublin City University,Common Entry into Actuarial and Financial Mathematics,509,531
DC131,Dublin City University,Communication Studies,400,441
DC132,Dublin City University,Journalism,401,440
DC133,Dublin City University,Multimedia,403,451
DC155,Dublin City University,Applied Language and Translation Studies,371,430
DC161,Dublin City University,Analytical Science,446,463
DC162,Dublin City University,Chemical and Pharmaceutical Sciences,488,498
DC166,Dublin City University,Environmental Science and Technology,412,442
DC167,Dublin City University,Physics with Astronomy,434,477
DC168,Dublin City University,Genetics and Cell Biology,489,500
DC171,Dublin City University,Applied Physics,402,433
DC173,Dublin City University,Physics with Biomedical Sciences,402,458
DC181,Dublin City University,Biotechnology,476,488
DC190,Dublin City University,Electronic and Computer Engineering (with choice of four majors),391,433
DC193,Dublin City University,Mechatronic Engineering,404,445
DC195,Dublin City University,Mechanical and Manufacturing Engineering,401,444
DC197,Dublin City University,Biomedical Engineering,402,446
DC200,Dublin City University,Common Entry into Engineering (Undenominated Entry),381,444
DC201,Dublin City University,Common Entry into Science (Undenominated Entry),454,477
DC202,Dublin City University,Sport Science and Health,467,476
DC203,Dublin City University,Science Education,424,476
DC204,Dublin City University,Athletic Therapy and Training,484,500
DC205,Dublin City University,Physical Education with Biology,490,521
DC206,Dublin City University,Physical Education with Mathematics,443,476
DC208,Dublin City University,Psychology,509,521
DC209,Dublin City University,Health and Society,419,440
DC215,Dublin City University,General Nursing,414,443
DC216,Dublin City University,Mental Health Nursing,368,389
DC217,Dublin City University,Intellectual Disability Nursing,347,362
DC218,Dublin City University,Children`s and General Nursing (Integrated),467,480
DC230,Dublin City University,"Economics, Politics and Law",400,431
DC231,Dublin City University,International Relations,387,445
DC232,Dublin City University,Law and Society (BCL),453,487
DC235,Dublin City University,Education and Training - Daytime Delivery Mode (full-time),307,327
DC238,Dublin City University,Social Sciences and Cultural Innovation,358,388
DC240,Dublin City University,"Marketing, Innovation and Technology",451,474
DC291,Dublin City University,Arts (Joint Honours) - Media Studies,349,392
DC292,Dublin City University,Arts (Joint Honours) - Law,356,388
DC293,Dublin City University,Arts (Joint Honours) - International Languages,369,400
DC295,Dublin City University,Arts (Joint Honours) - Politics,348,387
DT001,Technological University Dublin City Campus,Product Design,433,464
DT028,Technological University Dublin City Campus,Transport Operations and Technology,279,348
DT035,Technological University Dublin City Campus,Electrical Services and Energy Management,293,340
DT066,Technological University Dublin City Campus,Engineering (General Entry),400,457
DT101,Technological University Dublin City Campus,Architecture (test and interview),#618,647
DT106,Technological University Dublin City Campus,Planning and Environmental Management,312,337
DT110,Technological University Dublin City Campus,Property Economics (Valuation Surveying),367,424
DT111,Technological University Dublin City Campus,Quantity Surveying and Construction Economics,391,421
DT112,Technological University Dublin City Campus,Geographic Science,287,335
DT117,Technological University Dublin City Campus,Construction Management,356,373
DT175,Technological University Dublin City Campus,Architectural Technology,388,425
DT201,Technological University Dublin City Campus,Science (General Entry),464,477
DT203,Technological University Dublin City Campus,Analytical Chemistry (Environmental Forensic and Pharmaceutical),341,403
DT204,Technological University Dublin City Campus,Biomedical Science,501,512
DT205,Technological University Dublin City Campus,Mathematical Sciences,315,363
DT206,Technological University Dublin City Campus,Biomedical and Molecular Diagnostics,473,487
DT211,Technological University Dublin City Campus,Computer Science (Infrastructure),381,414
DT220,Technological University Dublin City Campus,Industrial Mathematics,300,317
DT221,Technological University Dublin City Campus,Physics with Energy and Environment,348,436
DT222,Technological University Dublin City Campus,Physics Technology,321,371
DT223,Technological University Dublin City Campus,Human Nutrition and Dietetics,553,566
DT224,Technological University Dublin City Campus,Optometry,487,529
DT225,Technological University Dublin City Campus,Public Health Nutrition,440,476
DT227,Technological University Dublin City Campus,Science with Nanotechnology,312,361
DT228,Technological University Dublin City Campus,Computer Science,451,466
DT229,Technological University Dublin City Campus,Clinical Measurement Science,491,509
DT235,Technological University Dublin City Campus,Physics with Medical Physics and Bioengineering,357,403
DT282,Technological University Dublin City Campus,Computer Science (International),377,402
DT299,Technological University Dublin City Campus,Chemical Sciences with Medicinal Chemistry,420,445
DT302,Technological University Dublin City Campus,Business Analytics,325,403
DT304,Technological University Dublin City Campus,E-Commerce in Retailing,341,388
DT321,Technological University Dublin City Campus,Business and Law,462,478
DT341,Technological University Dublin City Campus,Marketing,400,419
DT343,Technological University Dublin City Campus,Retail and Services Management,301,332
DT354,Technological University Dublin City Campus,Business Computing,322,341
DT358,Technological University Dublin City Campus,Logistics and Supply Chain Management,300,359
DT365,Technological University Dublin City Campus,Business and Management,440,456
DT366,Technological University Dublin City Campus,Accounting and Finance,432,454
DT398,Technological University Dublin City Campus,Human Resource Management,375,388
DT399,Technological University Dublin City Campus,Economics and Finance,437,465
DT401,Technological University Dublin City Campus,International Hospitality Management,300,337
DT405,Technological University Dublin City Campus,Culinary Science,308,377
DT407,Technological University Dublin City Campus,Culinary Arts,271,342
DT412,Technological University Dublin City Campus,Tourism Marketing,284,322
DT413,Technological University Dublin City Campus,Event Management,356,389
DT416,Technological University Dublin City Campus,Culinary Entrepreneurship,275,339
DT420,Technological University Dublin City Campus,Nutraceuticals in Health and Nutrition,392,432
DT421,Technological University Dublin City Campus,Food Innovation,321,366
DT422,Technological University Dublin City Campus,Pharmaceutical Healthcare,397,423
DT491,Technological University Dublin City Campus,Environmental Health,343,380
DT501,Technological University Dublin City Campus,Music,#383,520
DT504,Technological University Dublin City Campus,Film and Broadcasting,443,467
DT506,Technological University Dublin City Campus,Commercial Modern Music,#468,835
DT508,Technological University Dublin City Campus,Game Design,403,454
DT517,Technological University Dublin City Campus,Languages and English Studies,326,419
DT518,Technological University Dublin City Campus,Languages and International Tourism,307,357
DT529,Technological University Dublin City Campus,Drama (Performance),#371,519
DT532,Technological University Dublin City Campus,Law (LL.B.),422,441
DT533,Technological University Dublin City Campus,Contemporary Visual Culture,#,
DT544,Technological University Dublin City Campus,Interior Design,#552,866
DT545,Technological University Dublin City Campus,Design - Visual Communication,#667,897
DT546,Technological University Dublin City Campus,Fine Art,#668,813
DT555,Technological University Dublin City Campus,International Business and Languages,353,399
DT559,Technological University Dublin City Campus,Photography,#700,926
DT571,Technological University Dublin City Campus,Social Care,394,424
DT572,Technological University Dublin City Campus,Early Childhood Education,385,403
DT582,Technological University Dublin City Campus,Journalism,347,373
DT596,Technological University Dublin City Campus,Print Media Technology and Management,252,311
DT597,Technological University Dublin City Campus,Creative and Cultural Industries,280,369
DL821,"Dun Laoghaire Institute of Art, Design and Technology","English, Media and Cultural Studies",211,317
DL822,"Dun Laoghaire Institute of Art, Design and Technology",Arts Management,209,319
DL823,"Dun Laoghaire Institute of Art, Design and Technology",Business Studies - Entrepreneurship and Management,260,316
DL825,"Dun Laoghaire Institute of Art, Design and Technology",Applied Psychology,349,413
DL826,"Dun Laoghaire Institute of Art, Design and Technology",Visual Communication Design,#736,989
DL827,"Dun Laoghaire Institute of Art, Design and Technology",Art,#583,902
DL828,"Dun Laoghaire Institute of Art, Design and Technology","3D Design, Modelmaking and Digital Art",#691,866
DL829,"Dun Laoghaire Institute of Art, Design and Technology",Design for Stage and Screen (Costume Design),#817,1021
DL830,"Dun Laoghaire Institute of Art, Design and Technology",Design for Stage and Screen (Makeup Design),#879,953
DL831,"Dun Laoghaire Institute of Art, Design and Technology",Design for Stage and Screen (Production Design),#893,1073
DL832,"Dun Laoghaire Institute of Art, Design and Technology",Animation,#855,1055
DL833,"Dun Laoghaire Institute of Art, Design and Technology",Photography,#636,791
DL834,"Dun Laoghaire Institute of Art, Design and Technology",Film and Television Production,#933,1011
DL835,"Dun Laoghaire Institute of Art, Design and Technology",Creative Media Technologies,237,289
DL836,"Dun Laoghaire Institute of Art, Design and Technology",Creative Computing,217,326
DL837,"Dun Laoghaire Institute of Art, Design and Technology",New Media Studies,290,349
DL838,"Dun Laoghaire Institute of Art, Design and Technology",Creative Music Production,#746,873
GC200,Griffith College,Business Studies (Cork),269,359
GC201,Griffith College,Accounting and Finance (Cork),251,388
GC230,Griffith College,Computing Science (Cork),228,327
GC300,Griffith College,Business Studies (Limerick),251,302
GC301,Griffith College,Accounting and Finance,307,314
GC302,Griffith College,"Business Studies - (HRM, Limerick)",269,269
GC305,Griffith College,International Hospitality Management (Limerick),327,327
GC400,Griffith College,Business Studies (Dublin),246,297
GC401,Griffith College,Accounting and Finance (Dublin),181,309
GC402,Griffith College,"Business Studies (HRM, Dublin)",217,290
GC403,Griffith College,Law (Dublin),225,308
GC405,Griffith College,International Hospitality Management (Dublin),254,272
GC407,Griffith College,"Business Studies (Marketing, Dublin)",246,330
GC430,Griffith College,Computing Science (Dublin),217,269
GC450,Griffith College,Journalism and Visual Media (Dublin),227,307
GC462,Griffith College,Design Communication (Dublin),,
GC489,Griffith College,Interior Architecture (Dublin),#267,361
GC494,Griffith College,Fashion Design (Dublin),#,
ID001,ICD Business School,Accounting and Finance,229,291
ID002,ICD Business School,Business Studies,285,366
ID003,ICD Business School,Business Studies with Chinese,,
BN101,Technological University Dublin Blanchardstown Campus,Business,252,289
BN103,Technological University Dublin Blanchardstown Campus,Business and Information Technology,254,290
BN104,Technological University Dublin Blanchardstown Campus,Computing (Information Technology),260,293
BN107,Technological University Dublin Blanchardstown Campus,Applied Social Studies in Social Care,300,328
BN108,Technological University Dublin Blanchardstown Campus,Engineering (Common Entry with Award options),271,318
BN109,Technological University Dublin Blanchardstown Campus,Business (Common Entry with Award options),260,279
BN110,Technological University Dublin Blanchardstown Campus,International Business,253,308
BN111,Technological University Dublin Blanchardstown Campus,Sports Management and Coaching,270,298
BN112,Technological University Dublin Blanchardstown Campus,Creative Digital Media,280,329
BN113,Technological University Dublin Blanchardstown Campus,Horticulture,289,321
BN114,Technological University Dublin Blanchardstown Campus,Accounting and Finance,280,332
BN115,Technological University Dublin Blanchardstown Campus,Community and Youth Development,250,298
BN117,Technological University Dublin Blanchardstown Campus,Computer Engineering in Mobile Systems,273,311
BN118,Technological University Dublin Blanchardstown Campus,Early Childhood Care and Education,290,320
BN119,Technological University Dublin Blanchardstown Campus,Digital Marketing,270,308
BN120,Technological University Dublin Blanchardstown Campus,Digital Forensics and Cyber Security,281,326
BN121,Technological University Dublin Blanchardstown Campus,Mechatronic Engineering,276,340
BN123,Technological University Dublin Blanchardstown Campus,"Design,Technology and Innovation",297,318
TA022,Technological University Dublin Tallaght Campus,Creative Digital Media,260,318
TA023,Technological University Dublin Tallaght Campus,Advertising and Marketing Communications,235,299
TA024,Technological University Dublin Tallaght Campus,Early Childhood Care and Education,217,307
TA025,Technological University Dublin Tallaght Campus,Social Care Practice,261,297
TA026,Technological University Dublin Tallaght Campus,International Hospitality and Tourism Management,208,269
TA027,Technological University Dublin Tallaght Campus,Botanical Cuisine,236,273
TA028,Technological University Dublin Tallaght Campus,Digital Marketing Technologies,220,313
TA121,Technological University Dublin Tallaght Campus,Accounting and Finance,202,328
TA122,Technological University Dublin Tallaght Campus,Management,218,297
TA123,Technological University Dublin Tallaght Campus,Marketing Management,207,284
TA125,Technological University Dublin Tallaght Campus,International Business,229,300
TA221,Technological University Dublin Tallaght Campus,Electronic Engineering,251,321
TA222,Technological University Dublin Tallaght Campus,Mechanical Engineering,243,302
TA223,Technological University Dublin Tallaght Campus,Sustainable Energy Engineering,236,305
TA224,Technological University Dublin Tallaght Campus,Biomedical Design,218,324
TA225,Technological University Dublin Tallaght Campus,Automation Engineering,235,288
TA226,Technological University Dublin Tallaght Campus,Engineering Software,243,304
TA321,Technological University Dublin Tallaght Campus,Pharmaceutical Science,261,298
TA322,Technological University Dublin Tallaght Campus,Computing,200,294
TA323,Technological University Dublin Tallaght Campus,Computing with IT Management,243,309
TA326,Technological University Dublin Tallaght Campus,DNA and Forensic Analysis,300,362
TA327,Technological University Dublin Tallaght Campus,Sports Science and Health,341,381
TA328,Technological University Dublin Tallaght Campus,Computing with Language (French/German/Spanish),218,317
TA329,Technological University Dublin Tallaght Campus,Computing with Data Analytics,218,296
AD101,National College of Art and Design,First Year Art & Design (Common Entry),# +mat,550
AD102,National College of Art and Design,Graphic Design and Moving Image Design,# +mat,635
AD103,National College of Art and Design,Textile & Surface Design and Jewellery & Objects,# +mat,545
AD202,National College of Art and Design,Education & Design or Fine Art (Second Level Teaching),# +mat,580
AD204,National College of Art and Design,Fine Art,# +mat,600
AD211,National College of Art and Design,Fashion Design,# +mat,600
AD212,National College of Art and Design,Product Design,# +mat,600
AD215,National College of Art and Design,Visual Culture,300,338
AD217,National College of Art and Design,Illustration,# +mat,625
AD222,National College of Art and Design,Interaction Design,# +mat,657
NC003,National College of Ireland (NCI),Computing (Degree Award options),261,316
NC005,National College of Ireland (NCI),Human Resource Management,297,320
NC009,National College of Ireland (NCI),Business,297,339
NC010,National College of Ireland (NCI),Psychology,366,399
NC020,National College of Ireland (NCI),Marketing Practice,270,307
NC022,National College of Ireland (NCI),Accounting and Finance,338,376
NC023,National College of Ireland (NCI),Technology Management (with specialisations),260,303
NC025,National College of Ireland (NCI),Data Science,297,371
RC001,Royal College of Surgeons in Ireland,Medicine - Undergraduate Entry (HPAT required),#729,733
RC004,Royal College of Surgeons in Ireland,Physiotherapy,532*,542
RC005,Royal College of Surgeons in Ireland,Pharmacy,555,566
RC101,Royal College of Surgeons in Ireland,Medicine - Graduate Entry (GAMSAT required),#60,62
TR002,Trinity College Dublin,Music,#414,473
TR003,Trinity College Dublin,History,486,518
TR004,Trinity College Dublin,Law,532,552
TR005,Trinity College Dublin,Philosophy,391,446
TR006,Trinity College Dublin,Psychology,555*,577
TR007,Trinity College Dublin,Clinical Speech and Language Studies,499,529
TR009,Trinity College Dublin,Music Education,#430,465
TR012,Trinity College Dublin,History and Political Science,532*,557
TR015,Trinity College Dublin,"Philosophy, Political Science, Economics and Sociology",566,577
TR016,Trinity College Dublin,Deaf Studies,337,372
TR017,Trinity College Dublin,Law and Business,576,589
TR018,Trinity College Dublin,Law and French,532*,554
TR019,Trinity College Dublin,Law and German,523,555
TR020,Trinity College Dublin,Law and Political Science,567,600
TR021,Trinity College Dublin,"Classics, Ancient History and Archaeology",377,495
TR022,Trinity College Dublin,Early and Modern Irish,347,407
TR023,Trinity College Dublin,English Studies,463,511
TR024,Trinity College Dublin,European Studies,520,544
TR025,Trinity College Dublin,Drama and Theatre Studies,#489,531
TR028,Trinity College Dublin,Ancient and Medieval History and Culture,339,451
TR029,Trinity College Dublin,Political Science and Geography,477,500
TR031,Trinity College Dublin,Mathematics,566,589
TR032,Trinity College Dublin,Engineering,487*,520
TR033,Trinity College Dublin,Computer Science,465*,488
TR034,Trinity College Dublin,Management Science and Information Systems Studies,589*,602
TR035,Trinity College Dublin,Theoretical Physics,554,601
TR038,Trinity College Dublin,Engineering with Management,499,543
TR039,Trinity College Dublin,Computer Science and Language,435,498
TR040,Trinity College Dublin,Middle Eastern and European Languages and Cultures,485,518
TR041,Trinity College Dublin,Religion,347,393
TR051,Trinity College Dublin,Medicine (HPAT required),#730,739
TR052,Trinity College Dublin,Dental Science,590*,602
TR053,Trinity College Dublin,Physiotherapy,533*,544
TR054,Trinity College Dublin,Occupational Therapy,500,520
TR055,Trinity College Dublin,Radiation Therapy,510,521
TR056,Trinity College Dublin,Human Health and Disease,543,565
TR060,Trinity College Dublin,Biological and Biomedical Sciences,510*,542
TR061,Trinity College Dublin,Chemical Sciences,488*,520
TR062,Trinity College Dublin,Geography and Geoscience,435,485
TR063,Trinity College Dublin,Physical Sciences,498*,543
TR072,Trinity College Dublin,Pharmacy,555*,577
TR080,Trinity College Dublin,Global Business,565,577
TR081,Trinity College Dublin,"Business, Economic and Social Studies (BESS)",518*,542
TR082,Trinity College Dublin,Computer Science and Business,510,542
TR083,Trinity College Dublin,Sociology and Social Policy,451,474
TR084,Trinity College Dublin,Social Studies (Social Work),420*,462
TR085,Trinity College Dublin,Business Studies and French,509,553
TR086,Trinity College Dublin,Business Studies and German,474,495
TR087,Trinity College Dublin,Business Studies and Russian,467,487
TR089,Trinity College Dublin,Business Studies and Polish,393,434
TR090,Trinity College Dublin,Business Studies and Spanish,510,543
TR091,Trinity College Dublin,General Nursing (Meath and St James`s),393*,420
TR093,Trinity College Dublin,General Nursing (Adelaide School of Nursing),#378*,409
TR095,Trinity College Dublin,Mental Health Nursing,358,377
TR097,Trinity College Dublin,Intellectual Disability Nursing,346,350
TR911,Trinity College Dublin,Children`s and General Nursing (Integrated),476*,487
TR913,Trinity College Dublin,Midwifery,423,462
DN100,University College Dublin (NUI),Architecture,473,509
DN120,University College Dublin (NUI),Landscape Architecture,353,403
DN130,University College Dublin (NUI),City Planning and Environmental Policy,367,421
DN150,University College Dublin (NUI),Engineering (Common Entry),511,554
DN200,University College Dublin (NUI),Science (options),521,554
DN201,University College Dublin (NUI),Computer Science (Common Entry),488,509
DN230,University College Dublin (NUI),Actuarial and Financial Studies,577,589
DN250,University College Dublin (NUI),Agricultural Science (options),420,462
DN252,University College Dublin (NUI),Dairy Business,398,428
DN253,University College Dublin (NUI),Agri - Environmental Sciences,403,419
DN261,University College Dublin (NUI),Food Science,434,467
DN262,University College Dublin (NUI),Human Nutrition,493,510
DN271,University College Dublin (NUI),Forestry,303,361
DN272,University College Dublin (NUI),"Horticulture, Landscape and Sportsturf Management",252,312
DN300,University College Dublin (NUI),Veterinary Medicine - Undergraduate Entry,#567,589
DN301,University College Dublin (NUI),Veterinary Medicine - Graduate Entry,#,
DN310,University College Dublin (NUI),Veterinary Nursing,441,487
DN400,University College Dublin (NUI),Medicine - Undergraduate Entry (HPAT required),#735,745
DN401,University College Dublin (NUI),Medicine - Graduate Entry (GAMSAT required),#59*,61
DN410,University College Dublin (NUI),Radiography,507,522
DN411,University College Dublin (NUI),Radiography - Graduate Entry,#,
DN420,University College Dublin (NUI),Physiotherapy,542,555
DN425,University College Dublin (NUI),Health and Performance Science,488,509
DN430,University College Dublin (NUI),Sport and Exercise Management,436,455
DN440,University College Dublin (NUI),"Biomedical, Health and Life Sciences",565*,579
DN450,University College Dublin (NUI),General Nursing,398,420
DN451,University College Dublin (NUI),Children`s and General Nursing (Integrated),462*,499
DN452,University College Dublin (NUI),Midwifery,409,452
DN453,University College Dublin (NUI),Mental Health Nursing,379,403
DN520,University College Dublin (NUI),Arts (Two Subjects),336,408
DN530,University College Dublin (NUI),Humanities (options),348,411
DN541,University College Dublin (NUI),Modern Languages (options),348,412
DN600,University College Dublin (NUI),Law (options),520*,532
DN610,University College Dublin (NUI),Business and Law,521,543
DN650,University College Dublin (NUI),Commerce,498*,510
DN660,University College Dublin (NUI),Commerce International (options),507,531
DN670,University College Dublin (NUI),Economics and Finance,601,601
DN700,University College Dublin (NUI),Social Sciences (options),388,441
DN710,University College Dublin (NUI),Economics,476,488
DN720,University College Dublin (NUI),Psychology,517,531
DN750,University College Dublin (NUI),Social Policy and Sociology,330,366
DK810,Dundalk Institute of Technology,Accounting and Finance,306,391
DK816,Dundalk Institute of Technology,Business Studies,300,357
DK820,Dundalk Institute of Technology,Computing in Games Development,307,369
DK821,Dundalk Institute of Technology,Computing in Software Development,301,347
DK830,Dundalk Institute of Technology,Building Surveying,302,349
DK831,Dundalk Institute of Technology,Architectural Technology,301,366
DK832,Dundalk Institute of Technology,Construction Management,300,329
DK843,Dundalk Institute of Technology,Engineering (Common Entry),303,402
DK860,Dundalk Institute of Technology,Music,#499,649
DK861,Dundalk Institute of Technology,Arts,300,358
DK862,Dundalk Institute of Technology,Social Care,300,338
DK863,Dundalk Institute of Technology,Creative Media,300,376
DK864,Dundalk Institute of Technology,Film and Television Production,300,332
DK865,Dundalk Institute of Technology,Audio and Music Production,301,346
DK870,Dundalk Institute of Technology,General Nursing,392,401
DK872,Dundalk Institute of Technology,Intellectual Disability Nursing,300,317
DK874,Dundalk Institute of Technology,Mental Health Nursing,356,378
DK876,Dundalk Institute of Technology,Early Childhood Studies,305,359
DK877,Dundalk Institute of Technology,Midwifery,398*,441
DK880,Dundalk Institute of Technology,Health and Physical Activity,300,367
DK882,Dundalk Institute of Technology,Agriculture (Award options),303,358
DK883,Dundalk Institute of Technology,Science (Award options),300,369
GA181,Galway-Mayo Institute of Technology,Accounting,303,378
GA182,Galway-Mayo Institute of Technology,Business,290,347
GA183,Galway-Mayo Institute of Technology,Business Information Systems,309,373
GA184,Galway-Mayo Institute of Technology,Marketing and Sales,307,348
GA185,Galway-Mayo Institute of Technology,Finance and Economics,307,398
GA186,Galway-Mayo Institute of Technology,Business with Entrepreneurship,297,328
GA187,Galway-Mayo Institute of Technology,Rural Enterprise and Agri-Business (Mountbellew Campus),280,367
GA281,Galway-Mayo Institute of Technology,Film and Documentary,287,360
GA282,Galway-Mayo Institute of Technology,Heritage Studies,238,308
GA283,Galway-Mayo Institute of Technology,Contemporary Art,260,340
GA284,Galway-Mayo Institute of Technology,Design,309,377
GA380,Galway-Mayo Institute of Technology,International Hotel Management,225,289
GA381,Galway-Mayo Institute of Technology,International Tourism Management,261,290
GA382,Galway-Mayo Institute of Technology,Culinary and Gastronomic Science,225,316
GA384,Galway-Mayo Institute of Technology,Event Management with Public Relations,209,289
GA385,Galway-Mayo Institute of Technology,Retail Management,219,319
GA480,Galway-Mayo Institute of Technology,Construction Management,260,312
GA482,Galway-Mayo Institute of Technology,Quantity Surveying and Construction Economics,280,340
GA483,Galway-Mayo Institute of Technology,Architectural Technology,251,321
GA484,Galway-Mayo Institute of Technology,Civil Engineering,270,362
GA580,Galway-Mayo Institute of Technology,Software and Electronic Engineering,301,351
GA680,Galway-Mayo Institute of Technology,Mechanical Engineering,336,389
GA681,Galway-Mayo Institute of Technology,Energy Engineering,281,328
GA682,Galway-Mayo Institute of Technology,Biomedical Engineering,331,383
GA683,Galway-Mayo Institute of Technology,Agricultural Engineering,301,365
GA684,Galway-Mayo Institute of Technology,Engineering (Common entry to Agri/Biomed/Energy/Mech Eng),346,406
GA780,Galway-Mayo Institute of Technology,Applied Freshwater and Marine Biology,300,360
GA781,Galway-Mayo Institute of Technology,Applied Biology and Biopharmaceutical Science,317,376
GA782,Galway-Mayo Institute of Technology,Chemical and Pharmaceutical Science,307,346
GA783,Galway-Mayo Institute of Technology,Physics and Instrumentation,373,378
GA784,Galway-Mayo Institute of Technology,Science (Undenominated),327,377
GA785,Galway-Mayo Institute of Technology,Medical Science,451,486
GA786,Galway-Mayo Institute of Technology,Forensic Science and Analysis,300,366
GA787,Galway-Mayo Institute of Technology,Computing in Software Development,275,327
GA788,Galway-Mayo Institute of Technology,Computing and Digital Media,270,327
GA789,Galway-Mayo Institute of Technology,Agriculture and Environmental Management (Mountbellew Campus),297,339
GA790,Galway-Mayo Institute of Technology,Sport and Exercise Science,350,379
GA791,Galway-Mayo Institute of Technology,Public Health Nutrition,364,397
GA880,Galway-Mayo Institute of Technology,General Nursing - Mayo Campus,389*,400
GA882,Galway-Mayo Institute of Technology,Psychiatric Nursing - Mayo Campus,346,370
GA885,Galway-Mayo Institute of Technology,Outdoor Education - Mayo Campus,210,298
GA887,Galway-Mayo Institute of Technology,History and Geography - Mayo Campus,228,296
GA889,Galway-Mayo Institute of Technology,Applied Social Care - Mayo Campus,260,297
GA890,Galway-Mayo Institute of Technology,Early Childhood Care and Education - Mayo Campus,278,319
GA980,Galway-Mayo Institute of Technology,Education (Design Graphics and Construction) - Letterfrack Campus,376,389
GA981,Galway-Mayo Institute of Technology,Furniture Design and Manufacture - Letterfrack Campus,271,350
GA982,Galway-Mayo Institute of Technology,Furniture and Wood Technology - Letterfrack Campus,270,352
GY101,"National University of Ireland, Galway",Arts (Joint-Honours),300,374
GY104,"National University of Ireland, Galway",Arts (Psychology),507,529
GY105,"National University of Ireland, Galway",Arts (History),318,358
GY107,"National University of Ireland, Galway",Na Dána (Gaeilge agus Léann an Aistriúcháin),330,397
GY109,"National University of Ireland, Galway",Arts (Mathematics and Education),411,487
GY110,"National University of Ireland, Galway",Arts with Children's Studies,382,409
GY111,"National University of Ireland, Galway",Arts with Creative Writing,402,472
GY112,"National University of Ireland, Galway",Arts with Film Studies,338,370
GY113,"National University of Ireland, Galway",Arts with Human Rights,338,409
GY115,"National University of Ireland, Galway",Arts with Performing Arts Studies,328,367
GY118,"National University of Ireland, Galway","Arts (Drama, Theatre and Performance Studies)",410,451
GY119,"National University of Ireland, Galway",Journalism,410,475
GY120,"National University of Ireland, Galway","Arts (Child, Youth and Family: Policy and Practice)",309,346
GY121,"National University of Ireland, Galway",Arts (Children's Studies),356,389
GY122,"National University of Ireland, Galway",Na Dána (Cumarsáid agus Gaeilge) ,308,399
GY123,"National University of Ireland, Galway",BSc (Applied Social Sciences),357,388
GY124,"National University of Ireland, Galway",Arts (Arts with Data Science),434,466
GY125,"National University of Ireland, Galway",Arts (Digital Arts and Technology),324,379
GY126,"National University of Ireland, Galway",Arts (English and Media Studies),418,451
GY127,"National University of Ireland, Galway",Arts (Film and Digital Media),387,435
GY128,"National University of Ireland, Galway",Arts (Global Languages),370,440
GY129,"National University of Ireland, Galway",Arts (International),408,477
GY130,"National University of Ireland, Galway",Arts (Music),400,444
GY131,"National University of Ireland, Galway",Arts (History and Globalisation Studies),340,431
GY132,"National University of Ireland, Galway","Government (Politics, Economics and Law)",402,444
GY133,"National University of Ireland, Galway",Education (Computer Science and Mathematical  Studies),401,466
GY201,"National University of Ireland, Galway",Commerce,420,453
GY202,"National University of Ireland, Galway",Commerce (International) with French,484,513
GY203,"National University of Ireland, Galway",Commerce (International) with German,489,541
GY204,"National University of Ireland, Galway",Commerce (International) with Spanish,484,500
GY206,"National University of Ireland, Galway",Business Information Systems (Work Placement & Optional Int`l Study),431,445
GY207,"National University of Ireland, Galway",Commerce (Accounting) including optional Global Experience year,486,510
GY208,"National University of Ireland, Galway",Commerce (Gaeilge),473,488
GY209,"National University of Ireland, Galway",Commerce (Global Experience),509,531
GY250,"National University of Ireland, Galway",Law & Business,436,467
GY251,"National University of Ireland, Galway",Law,473,498
GY252,"National University of Ireland, Galway",Law & Human Rights,510,521
GY261,"National University of Ireland, Galway","Business Studies (International Hotel Management, Shannon)",#486,615
GY262,"National University of Ireland, Galway","Commerce (International Hotel Management, Shannon)",#671,726
GY301,"National University of Ireland, Galway",Science,400,456
GY303,"National University of Ireland, Galway",Biomedical Science,533,566
GY304,"National University of Ireland, Galway",Biotechnology,473,507
GY308,"National University of Ireland, Galway",Environmental Science,413,440
GY309,"National University of Ireland, Galway",Financial Mathematics and Economics,454,498
GY310,"National University of Ireland, Galway",Marine Science,409,456
GY313,"National University of Ireland, Galway",Environmental Health and Safety,402,435
GY314,"National University of Ireland, Galway",Earth and Ocean Sciences,402,425
GY318,"National University of Ireland, Galway",Biopharmaceutical Chemistry,510,532
GY319,"National University of Ireland, Galway",Mathematical Science,456,531
GY320,"National University of Ireland, Galway","Physics (Degree options: Applied,Astrophysics,Biomedical,Theoretical)",401,487
GY350,"National University of Ireland, Galway",Computer Science and Information Technology,425,466
GY401,"National University of Ireland, Galway",Engineering (Undenominated),444,499
GY402,"National University of Ireland, Galway",Civil Engineering,509,543
GY405,"National University of Ireland, Galway",Mechanical Engineering,443,499
GY406,"National University of Ireland, Galway",Electronic and Computer Engineering,509,547
GY408,"National University of Ireland, Galway",Biomedical Engineering,519,543
GY410,"National University of Ireland, Galway",Project and Construction Management,434,464
GY413,"National University of Ireland, Galway",Energy Systems Engineering,532,589
GY414,"National University of Ireland, Galway",Electrical and Electronic Engineering,454,487
GY501,"National University of Ireland, Galway","Medicine (five year/six year course, HPAT required)",#726*,731
GY502,"National University of Ireland, Galway",Occupational Therapy,532,543
GY503,"National University of Ireland, Galway",Speech and Language Therapy,529,543
GY504,"National University of Ireland, Galway",Podiatric Medicine,434,463
GY515,"National University of Ireland, Galway",General Nursing (Galway and Portiuncula),442,466
GY516,"National University of Ireland, Galway",Mental Health Nursing,388,413
GY517,"National University of Ireland, Galway",Midwifery,429,468
LY108,Letterkenny Institute of Technology,Business - Accounting,318,399
LY118,Letterkenny Institute of Technology,Business,287,352
LY208,Letterkenny Institute of Technology,Law,300,359
LY218,Letterkenny Institute of Technology,Business - with Spanish/Irish options,298,367
LY228,Letterkenny Institute of Technology,Sports and Exercise (Common Entry),278,330
LY408,Letterkenny Institute of Technology,Design (Common Entry),#307,368
LY508,Letterkenny Institute of Technology,Fire Safety Engineering,270,299
LY518,Letterkenny Institute of Technology,Quantity Surveying,307,368
LY528,Letterkenny Institute of Technology,Construction Management,267,291
LY608,Letterkenny Institute of Technology,Mechanical Engineering,304,333
LY618,Letterkenny Institute of Technology,Electronics and Embedded Systems,307,339
LY708,Letterkenny Institute of Technology,Applied Computing,300,348
LY818,Letterkenny Institute of Technology,Science (Common Entry),302,371
LY828,Letterkenny Institute of Technology,Agriculture (Common Entry),300,342
LY908,Letterkenny Institute of Technology,General Nursing,383,390
LY918,Letterkenny Institute of Technology,Psychiatric Nursing,291*,332
LY928,Letterkenny Institute of Technology,Intellectual Disability Nursing,288,299
LY968,Letterkenny Institute of Technology,"Early Childhood Care, Health and Education",300,336
LY978,Letterkenny Institute of Technology,Health & Social Care (Common Entry),260,299
MI001,Mary Immaculate College,Contemporary & Applied Theatre Studies,345,381
MI002,Mary Immaculate College,Arts (offered in conjunction with the University of Limerick),300,378
MI005,Mary Immaculate College,Education - Primary Teaching,473*,506
MI006,Mary Immaculate College,Education - Primary Teaching (Gaeltacht Applicants),#442,473
MI007,Mary Immaculate College,Early Childhood Care and Education,366,402
MI008,Mary Immaculate College,Education and Psychology - Primary Teaching,543,555
MI009,Mary Immaculate College,"Education, Business Studies and Accounting (Thurles Campus)",392,420
MI010,Mary Immaculate College,"Education, Business Studies and Religious Studies (Thurles Campus)",326,355
MI011,Mary Immaculate College,"Education, Irish and Religious Studies (Thurles Campus)",377,387
MI012,Mary Immaculate College,"Education, Irish and Business Studies (Thurles Campus)",398,440
MI013,Mary Immaculate College,"Education, Mathematics and Gaeilge (Thurles Campus)",433,465
CI101,Irish College of Humanities & Applied Sciences,Counselling and Psychotherapy (Limerick),276,328
LC110,Limerick Institute of Technology,"Art and Design (Common Entry, portfolio)",#734,918
LC114,Limerick Institute of Technology,Fashion and Textiles for Product and Costume (portfolio),#900,988
LC220,Limerick Institute of Technology,Digital Marketing,254,288
LC223,Limerick Institute of Technology,Law and Taxation,308,372
LC224,Limerick Institute of Technology,Accounting and Finance,299,382
LC225,Limerick Institute of Technology,Marketing and Management,298,337
LC226,Limerick Institute of Technology,Enterprise and Innovation,216,298
LC233,Limerick Institute of Technology,Software Development,300,371
LC234,Limerick Institute of Technology,Interactive Digital Media,219,288
LC236,Limerick Institute of Technology,Internet Systems Development,298,319
LC239,Limerick Institute of Technology,Computer Networks and Systems Management,335,347
LC241,Limerick Institute of Technology,Construction Management,276,303
LC242,Limerick Institute of Technology,Property Valuation and Management,292,328
LC243,Limerick Institute of Technology,Quantity Surveying,281,360
LC248,Limerick Institute of Technology,Built Environment (Common Entry),307,350
LC252,Limerick Institute of Technology,Civil Engineering Management,281,331
LC263,Limerick Institute of Technology,Clinical Technology,282,359
LC265,Limerick Institute of Technology,Forensic and Pharmaceutical Sciences,335,368
LC266,Limerick Institute of Technology,Drug and Medicinal Product Analysis,236,299
LC275,Limerick Institute of Technology,Electrical Engineering,288,340
LC288,Limerick Institute of Technology,Mechanical Engineering,307,360
LC289,Limerick Institute of Technology,Precision Engineering,280,369
LC292,Limerick Institute of Technology,Social Care Work,360,389
LC293,Limerick Institute of Technology,Business Studies with Travel and Tourism Management,299,326
LC294,Limerick Institute of Technology,Business Studies with Event Management,271,300
LC295,Limerick Institute of Technology,Business Studies with Sports Management,263,298
LC297,Limerick Institute of Technology,Community Development,217,269
LC320,Limerick Institute of Technology,Business,337,378
LC330,Limerick Institute of Technology,Business with Computing,298,326
LC340,Limerick Institute of Technology,Interior Design,298,349
LC362,Limerick Institute of Technology,Biotechnology and Biopharmaceutical Sciences,379,402
LC371,Limerick Institute of Technology,Creative Broadcast and Film Production,298,339
LC372,Limerick Institute of Technology,Music Technology and Production,321,369
LC374,Limerick Institute of Technology,Renewable and Electrical Energy Engineering,317,368
LC375,Limerick Institute of Technology,Industrial Automation & Robotic Systems,321,368
LC376,Limerick Institute of Technology,Electronic Engineering,308,346
LC380,Limerick Institute of Technology,Automotive Engineering and Transport Management,282,329
LC392,Limerick Institute of Technology,Beauty and Spa Management,217,318
LC393,Limerick Institute of Technology,Early Childhood Education & Care,260,309
LC401,Limerick Institute of Technology,Early Childhood Education & Care (Thurles),298,387
LC402,Limerick Institute of Technology,Social Care Work (Thurles),209,290
LC408,Limerick Institute of Technology,Environmental and Geographical Sciences (Thurles),262,346
LC411,Limerick Institute of Technology,Marketing and Management (Thurles),226,300
LC418,Limerick Institute of Technology,Computing - Games Design and Development (Thurles),271,318
LC422,Limerick Institute of Technology,Sports Strength and Conditioning (Thurles),288,333
LC434,Limerick Institute of Technology,Environmental Management in Agriculture (Thurles),278,347
LC502,Limerick Institute of Technology,"Game Art and Design (Clonmel, portfolio)",#838,950
LC517,Limerick Institute of Technology,Creative Media and Design (Clonmel),229,273
LC518,Limerick Institute of Technology,"Digital Animation Production (Clonmel, portfolio)",#816,962
LC612,Limerick Institute of Technology,Social Care Work (Ennis),319,338
LC613,Limerick Institute of Technology,Early Childhood Education & Care (Ennis),346,388
LM002,University of Limerick,Arts (offered in conjunction with Mary Immaculate College),329,388
LM020,University of Limerick,Law and Accounting,436,476
LM026,University of Limerick,Performing Arts (audition required),#307,367
LM028,University of Limerick,Criminal Justice,387,409
LM029,University of Limerick,Law Plus,473,499
LM038,University of Limerick,Psychology and Sociology,478,489
LM039,University of Limerick,Journalism and New Media,388,430
LM040,University of Limerick,European Studies,350,462
LM044,University of Limerick,Applied Languages,404,473
LM050,University of Limerick,Business Studies,419,455
LM056,University of Limerick,International Business,511,543
LM058,University of Limerick,Financial Mathematics,434,543
LM063,University of Limerick,Technology Management,372,409
LM068,University of Limerick,Food Science and Health,400,430
LM076,University of Limerick,Product Design and Technology (portfolio required),#402,466
LM077,University of Limerick,Aeronautical Engineering,469,531
LM082,University of Limerick,Construction Management and Engineering,368,404
LM089,University of Limerick,Sport and Exercise Sciences,441,466
LM090,University of Limerick,Physical Education with concurrent Teacher Education,498*,520
LM092,University of Limerick,Science with Teacher Ed (Biology with Physics/Chemistry/Ag Science),478,509
LM093,University of Limerick,Equine Science,338,381
LM094,University of Limerick,Materials and Architectural Technology with concurrent Teacher Education,405,433
LM095,University of Limerick,Materials and Engineering Technology with concurrent Teacher Education,358,409
LM096,University of Limerick,Science with Teacher Ed (Physical Sciences with Chemistry and Physics),382,422
LM099,University of Limerick,Architecture (portfolio required),#419,473
LM100,University of Limerick,Physiotherapy,565*,577
LM101,University of Limerick,Medicine  - Graduate Entry (GAMSAT required),#55*,57
LM102,University of Limerick,Psychology,495,519
LM103,University of Limerick,Paramedic Studies (B and C1 Drivers Licence),#313,403
LM115,University of Limerick,Chemical and Biochemical Engineering,456,520
LM116,University of Limerick,Engineering (Biomedical/Civil/Design and Manufacture/Mechanical),434,498
LM118,University of Limerick,Electronic and Computer Engineering,401,498
LM121,University of Limerick,Computer Science (Computer Systems/Games Dev/Mobile Comm Security),352,420
LM122,University of Limerick,Creative Media and Interaction Design (Digital Design/Music Media Tech),330,430
LM123,University of Limerick,Biological & Chemical Sciences (Biosci/Envir Sci/Ind Bio/IndPharma Chem),412,455
LM124,University of Limerick,Mathematics (Math Science/Maths and Physics/Economics and Math Scienc,427,521
LM125,University of Limerick,Physics (Applied Physics/Mathematics and Physics),405,509
LM150,University of Limerick,General Nursing,440*,463
LM152,University of Limerick,Mental Health Nursing,388,418
LM154,University of Limerick,Intellectual Disability Nursing,381*,408
LM156,University of Limerick,Midwifery,429,444
MU001,"Pontifical University, St Patrick\'s College",Theology and Arts,290,318
MU002,"Pontifical University, St Patrick\'s College",Theology,292,377
MH001,Maynooth University,Education - Primary Teaching (Froebel),496*,520
MH002,Maynooth University,Education - Primary Teaching - Gaeltacht Applicants (Froebel),#441*,
MH101,Maynooth University,Arts,316,369
MH103,Maynooth University,Music,#,367
MH106,Maynooth University,Psychology - 3 years,495,499
MH107,Maynooth University,Social Science,326,349
MH109,Maynooth University,Media Studies,317,377
MH116,Maynooth University,Community and Youth Work (Full-Time),#,271
MH201,Maynooth University,Science,350,392
MH202,Maynooth University,Biotechnology,429,446
MH204,Maynooth University,Physics with Astrophysics,420,488
MH206,Maynooth University,Theoretical Physics and Mathematics,498,566
MH207,Maynooth University,Data Science,434,466
MH208,Maynooth University,Biological and Biomedical Sciences,451,476
MH209,Maynooth University,Psychology (through Science) - 4 years,473,485
MH210,Maynooth University,Pharmaceutical and Biomedical Chemistry,446,466
MH212,Maynooth University,Science/Computer Science/Mathematics (with Education) - options,444,476
MH304,Maynooth University,Engineering (Computer/Electronic/Communications),371,423
MH305,Maynooth University,Product Design,358,411
MH306,Maynooth University,Robotics and Intelligent Devices,361,424
MH401,Maynooth University,Finance (options),352,392
MH402,Maynooth University,Quantitative Finance,476,487
MH403,Maynooth University,Accounting and Finance,402,432
MH404,Maynooth University,Business (options),400,429
MH405,Maynooth University,Equine Business,357,398
MH407,Maynooth University,Business and Accounting,401,420
MH411,Maynooth University,Entrepreneurship,358,388
MH501,Maynooth University,LLB Law - four year Single Major Law programme,451,476
MH502,Maynooth University,Law (options),410,442
MH601,Maynooth University,Computer Science through Arts (options),342,369
MH602,Maynooth University,Computer Science through Science (options),357,413
MH603,Maynooth University,Computational Thinking,520,543
MH801,Maynooth University,Early Childhood - Teaching and Learning (part-time),347,358
MH802,Maynooth University,"Community and Youth Work (part-time, in service",#,
MH803,Maynooth University,"Local Studies or Community Studies (part-time, evening)- Mature Students",#,
AS001,St. Angela`s College,"Education, Home Economics and Biology - with concurrent Teacher Ed",456*,497
AS002,St. Angela`s College,"Education, Home Economics and Religious Ed - with concurrent Teacher Ed",400*,433
AS003,St. Angela`s College,"Education, Home Economics and Irish - with concurrent Teacher Ed",421,457
AS051,St. Angela`s College,"Nutrition, Food and Business Management",337,399
AS054,St. Angela`s College,Home Economics,387,401
AS110,St. Angela`s College,General Nursing,391*,409
AS130,St. Angela`s College,Intellectual Disability Nursing,317,338
SG141,"Institute of Technology, Sligo",Business,252,317
SG142,"Institute of Technology, Sligo",Business in International Marketing and Sales with French,270,388
SG144,"Institute of Technology, Sligo",Business in International Marketing and Sales with Spanish,280,388
SG146,"Institute of Technology, Sligo",Accounting,307,347
SG147,"Institute of Technology, Sligo",Sport with Business,269,316
SG148,"Institute of Technology, Sligo",Tourism with Event Management,246,282
SG149,"Institute of Technology, Sligo",Business in Finance and Investment,262,357
SG241,"Institute of Technology, Sligo",Performing Arts,279,348
SG242,"Institute of Technology, Sligo",Early Childhood Care and Education,278,318
SG243,"Institute of Technology, Sligo",Social Care Practice,297,338
SG244,"Institute of Technology, Sligo",Fine Art,#355,496
SG245,"Institute of Technology, Sligo",Creative Design,261,338
SG246,"Institute of Technology, Sligo",Computing,295,368
SG247,"Institute of Technology, Sligo",English and Psychology,308,336
SG248,"Institute of Technology, Sligo",Sociology and Politics,282,320
SG249,"Institute of Technology, Sligo",Writing and Literature,279,338
SG250,"Institute of Technology, Sligo",Application Design and User Experience,290,431
SG251,"Institute of Technology, Sligo",Computing (Smart Technologies),303,391
SG252,"Institute of Technology, Sligo",Software Development,300,354
SG253,"Institute of Technology, Sligo",Computer Networks and Cloud Infrastructure,273,341
SG343,"Institute of Technology, Sligo",Quantity Surveying,261,302
SG346,"Institute of Technology, Sligo",Construction Project Management and Applied Technology,289,351
SG347,"Institute of Technology, Sligo",Architecture,309,357
SG441,"Institute of Technology, Sligo",Environmental Science,297,358
SG442,"Institute of Technology, Sligo",Occupational Safety and Health,289,330
SG443,"Institute of Technology, Sligo",Human Nutrition,357,419
SG444,"Institute of Technology, Sligo",Science (Undenominated),308,369
SG445,"Institute of Technology, Sligo",Pharmaceutical Science with Drug Development,347,369
SG446,"Institute of Technology, Sligo",Applied Archaeology,289,290
SG447,"Institute of Technology, Sligo",Health Science and Physical Activity,316,363
SG448,"Institute of Technology, Sligo",Forensic Investigation and Analysis,306,348
SG449,"Institute of Technology, Sligo",Medical Biotechnology,329,352
TL801,"Institute of Technology, Tralee",Animation Visual Effects and Motion Design,281,341
TL802,"Institute of Technology, Tralee","TV, Radio and New Media",306,356
TL803,"Institute of Technology, Tralee",Music Technology,264,288
TL810,"Institute of Technology, Tralee",Computing with Software Development,309,341
TL811,"Institute of Technology, Tralee",Computing with Games Development,310,334
TL812,"Institute of Technology, Tralee",Computing with Digital Media,369,369
TL815,"Institute of Technology, Tralee",Computing (Degree Award options),308,378
TL823,"Institute of Technology, Tralee",Event Management (3 year programme),291,346
TL831,"Institute of Technology, Tralee",Business Studies (Major Specialism in: Acctng or Mktg or Mgmnt),307,372
TL842,"Institute of Technology, Tralee",Construction Management,,
TL844,"Institute of Technology, Tralee",Agricultural Engineering,311,368
TL845,"Institute of Technology, Tralee",Civil Engineering,300,364
TL847,"Institute of Technology, Tralee",Manufacturing Engineering,,
TL848,"Institute of Technology, Tralee",Agricultural Science,331,362
TL851,"Institute of Technology, Tralee",Wildlife Biology (Degree Award options),310,362
TL855,"Institute of Technology, Tralee",Pharmaceutical Science (Degree Award options),342,386
TL858,"Institute of Technology, Tralee",Veterinary Bioscience,326,369
TL871,"Institute of Technology, Tralee",Health and Leisure (Degree Award options),303,346
TL872,"Institute of Technology, Tralee",Health and Leisure with Massage,288,357
TL873,"Institute of Technology, Tralee",Coaching and Sports Performance,282,336
TL880,"Institute of Technology, Tralee",Early Childhood Care and Education,307,347
TL881,"Institute of Technology, Tralee",Social Care,308,356
TL889,"Institute of Technology, Tralee",Counselling with Addiction - Mature applicants only,#,
TL890,"Institute of Technology, Tralee",General Nursing and Mature Applicants,407,431
TL891,"Institute of Technology, Tralee",Mental Health Nursing and Mature Applicants,367*,379
WD001,Waterford Institute of Technology,Applied Computing (options),279,358
WD002,Waterford Institute of Technology,Science (options),302,377
WD005,Waterford Institute of Technology,Health Sciences (options),288,347
WD006,Waterford Institute of Technology,Exercise Sciences (options),282,337
WD007,Waterford Institute of Technology,Engineering (options),287,382
WD025,Waterford Institute of Technology,Construction Management and Engineering,269,327
WD027,Waterford Institute of Technology,Music,#290,317
WD048,Waterford Institute of Technology,Business (options),278,357
WD084,Waterford Institute of Technology,Accounting,307,403
WD091,Waterford Institute of Technology,Hospitality Management,210,281
WD116,Waterford Institute of Technology,General Nursing,413,430
WD117,Waterford Institute of Technology,Psychiatric Nursing,361,382
WD120,Waterford Institute of Technology,Intellectual Disability Nursing,338,359
WD134,Waterford Institute of Technology,International Business,289,350
WD137,Waterford Institute of Technology,Design (Visual Communications),253,373
WD140,Waterford Institute of Technology,Laws,290,352
WD144,Waterford Institute of Technology,Architecture,283,385
WD147,Waterford Institute of Technology,Pharmaceutical Science,298,363
WD148,Waterford Institute of Technology,Tourism Marketing,269,338
WD149,Waterford Institute of Technology,Early Childhood Studies,288,336
WD150,Waterford Institute of Technology,Criminal Justice Studies,271,311
WD152,Waterford Institute of Technology,Visual Art,253,323
WD161,Waterford Institute of Technology,Computer Forensics and Security,262,401
WD162,Waterford Institute of Technology,Quantity Surveying,260,320
WD163,Waterford Institute of Technology,Psychology,390,429
WD186,Waterford Institute of Technology,Sports Coaching and Performance,276,327
WD187,Waterford Institute of Technology,Social Science,271,321
WD191,Waterford Institute of Technology,Agricultural Science,378,421
WD192,Waterford Institute of Technology,Social Care Practice,279,323
WD193,Waterford Institute of Technology,Marketing and Digital Media,290,358
WD194,Waterford Institute of Technology,Culinary Arts,235,331
WD195,Waterford Institute of Technology,Architectural and Building Information Modelling Technology,266,305
WD200,Waterford Institute of Technology,Arts (options),221,296
WD210,Waterford Institute of Technology,Software Systems Development,271,329
WD211,Waterford Institute of Technology,Creative Computing,275,322
WD212,Waterford Institute of Technology,Recreation and Sport Management,274,311
WD230,Waterford Institute of Technology,Mechanical and Manufacturing Engineering,273,348
